[
    {
        "pk": 1, 
        "model": "data.metadatastandard", 
        "fields": {
            "prefix": "dc", 
            "name": "dublin-core", 
            "title": "Dublin Core"
        }
    }, 
    {
        "pk": 2, 
        "model": "data.metadatastandard", 
        "fields": {
            "prefix": "tag", 
            "name": "tagging", 
            "title": "Tagging"
        }
    }, 
    {
        "pk": 3, 
        "model": "data.metadatastandard", 
        "fields": {
            "prefix": "vra", 
            "name": "vra-core-4", 
            "title": "VRA Core 4"
        }
    }, 
    {
        "pk": 1, 
        "model": "data.field", 
        "fields": {
            "equivalent": [
                17, 
                22
            ], 
            "standard": 1, 
            "name": "contributor", 
            "label": "Contributor"
        }
    }, 
    {
        "pk": 16, 
        "model": "data.field", 
        "fields": {
            "equivalent": [
                13
            ], 
            "standard": 2, 
            "name": "tags", 
            "label": "Tags"
        }
    }, 
    {
        "pk": 17, 
        "model": "data.field", 
        "fields": {
            "equivalent": [
                1, 
                3
            ], 
            "standard": 3, 
            "name": "agent", 
            "label": "Agent"
        }
    }, 
    {
        "pk": 18, 
        "model": "data.field", 
        "fields": {
            "equivalent": [
                2
            ], 
            "standard": 3, 
            "name": "culturalcontext", 
            "label": "Cultural Context"
        }
    }, 
    {
        "pk": 2, 
        "model": "data.field", 
        "fields": {
            "equivalent": [
                18, 
                19, 
                22, 
                29
            ], 
            "standard": 1, 
            "name": "coverage", 
            "label": "Coverage"
        }
    }, 
    {
        "pk": 19, 
        "model": "data.field", 
        "fields": {
            "equivalent": [
                2, 
                4
            ], 
            "standard": 3, 
            "name": "date", 
            "label": "Date"
        }
    }, 
    {
        "pk": 3, 
        "model": "data.field", 
        "fields": {
            "equivalent": [
                17
            ], 
            "standard": 1, 
            "name": "creator", 
            "label": "Creator"
        }
    }, 
    {
        "pk": 4, 
        "model": "data.field", 
        "fields": {
            "equivalent": [
                19
            ], 
            "standard": 1, 
            "name": "date", 
            "label": "Date"
        }
    }, 
    {
        "pk": 20, 
        "model": "data.field", 
        "fields": {
            "equivalent": [
                5
            ], 
            "standard": 3, 
            "name": "description", 
            "label": "Description"
        }
    }, 
    {
        "pk": 21, 
        "model": "data.field", 
        "fields": {
            "equivalent": [], 
            "standard": 3, 
            "name": "inscription", 
            "label": "Inscription"
        }
    }, 
    {
        "pk": 5, 
        "model": "data.field", 
        "fields": {
            "equivalent": [
                20
            ], 
            "standard": 1, 
            "name": "description", 
            "label": "Description"
        }
    }, 
    {
        "pk": 22, 
        "model": "data.field", 
        "fields": {
            "equivalent": [
                1, 
                2
            ], 
            "standard": 3, 
            "name": "location", 
            "label": "Location"
        }
    }, 
    {
        "pk": 6, 
        "model": "data.field", 
        "fields": {
            "equivalent": [
                23, 
                24, 
                31
            ], 
            "standard": 1, 
            "name": "format", 
            "label": "Format"
        }
    }, 
    {
        "pk": 23, 
        "model": "data.field", 
        "fields": {
            "equivalent": [
                6
            ], 
            "standard": 3, 
            "name": "material", 
            "label": "Material"
        }
    }, 
    {
        "pk": 7, 
        "model": "data.field", 
        "fields": {
            "equivalent": [
                32
            ], 
            "standard": 1, 
            "name": "identifier", 
            "label": "Identifier"
        }
    }, 
    {
        "pk": 24, 
        "model": "data.field", 
        "fields": {
            "equivalent": [
                6
            ], 
            "standard": 3, 
            "name": "measurements", 
            "label": "Measurements"
        }
    }, 
    {
        "pk": 8, 
        "model": "data.field", 
        "fields": {
            "equivalent": [], 
            "standard": 1, 
            "name": "language", 
            "label": "Language"
        }
    }, 
    {
        "pk": 9, 
        "model": "data.field", 
        "fields": {
            "equivalent": [], 
            "standard": 1, 
            "name": "publisher", 
            "label": "Publisher"
        }
    }, 
    {
        "pk": 25, 
        "model": "data.field", 
        "fields": {
            "equivalent": [
                10
            ], 
            "standard": 3, 
            "name": "relation", 
            "label": "Relation"
        }
    }, 
    {
        "pk": 10, 
        "model": "data.field", 
        "fields": {
            "equivalent": [
                25
            ], 
            "standard": 1, 
            "name": "relation", 
            "label": "Relation"
        }
    }, 
    {
        "pk": 26, 
        "model": "data.field", 
        "fields": {
            "equivalent": [
                11
            ], 
            "standard": 3, 
            "name": "rights", 
            "label": "Rights"
        }
    }, 
    {
        "pk": 27, 
        "model": "data.field", 
        "fields": {
            "equivalent": [
                12
            ], 
            "standard": 3, 
            "name": "source", 
            "label": "Source"
        }
    }, 
    {
        "pk": 11, 
        "model": "data.field", 
        "fields": {
            "equivalent": [
                26
            ], 
            "standard": 1, 
            "name": "rights", 
            "label": "Rights"
        }
    }, 
    {
        "pk": 12, 
        "model": "data.field", 
        "fields": {
            "equivalent": [
                27
            ], 
            "standard": 1, 
            "name": "source", 
            "label": "Source"
        }
    }, 
    {
        "pk": 28, 
        "model": "data.field", 
        "fields": {
            "equivalent": [], 
            "standard": 3, 
            "name": "stateedition", 
            "label": "State/Edition"
        }
    }, 
    {
        "pk": 13, 
        "model": "data.field", 
        "fields": {
            "equivalent": [
                16, 
                29, 
                30
            ], 
            "standard": 1, 
            "name": "subject", 
            "label": "Subject"
        }
    }, 
    {
        "pk": 29, 
        "model": "data.field", 
        "fields": {
            "equivalent": [
                2, 
                13
            ], 
            "standard": 3, 
            "name": "styleperiod", 
            "label": "Style/Period"
        }
    }, 
    {
        "pk": 14, 
        "model": "data.field", 
        "fields": {
            "equivalent": [
                33
            ], 
            "standard": 1, 
            "name": "title", 
            "label": "Title"
        }
    }, 
    {
        "pk": 30, 
        "model": "data.field", 
        "fields": {
            "equivalent": [
                13
            ], 
            "standard": 3, 
            "name": "subject", 
            "label": "Subject"
        }
    }, 
    {
        "pk": 31, 
        "model": "data.field", 
        "fields": {
            "equivalent": [
                6
            ], 
            "standard": 3, 
            "name": "technique", 
            "label": "Technique"
        }
    }, 
    {
        "pk": 15, 
        "model": "data.field", 
        "fields": {
            "equivalent": [
                34
            ], 
            "standard": 1, 
            "name": "type", 
            "label": "Type"
        }
    }, 
    {
        "pk": 32, 
        "model": "data.field", 
        "fields": {
            "equivalent": [
                7
            ], 
            "standard": 3, 
            "name": "textref", 
            "label": "Textual Reference"
        }
    }, 
    {
        "pk": 33, 
        "model": "data.field", 
        "fields": {
            "equivalent": [
                14
            ], 
            "standard": 3, 
            "name": "title", 
            "label": "Title"
        }
    }, 
    {
        "pk": 34, 
        "model": "data.field", 
        "fields": {
            "equivalent": [
                15
            ], 
            "standard": 3, 
            "name": "worktype", 
            "label": "Work Type"
        }
    }, 
    {
        "pk": 2, 
        "model": "data.fieldset", 
        "fields": {
            "owner": null, 
            "standard": 1, 
            "name": "dc", 
            "title": "Dublin Core"
        }
    }, 
    {
        "pk": 3, 
        "model": "data.fieldset", 
        "fields": {
            "owner": null, 
            "standard": 1, 
            "name": "vra-core-4", 
            "title": "VRA Core 4"
        }
    }, 
    {
        "pk": 33, 
        "model": "data.fieldsetfield", 
        "fields": {
            "importance": 1, 
            "field": 34, 
            "fieldset": 3, 
            "order": 0
        }
    }, 
    {
        "pk": 19, 
        "model": "data.fieldsetfield", 
        "fields": {
            "importance": 1, 
            "field": 20, 
            "fieldset": 3, 
            "order": 0
        }
    }, 
    {
        "pk": 20, 
        "model": "data.fieldsetfield", 
        "fields": {
            "importance": 1, 
            "field": 21, 
            "fieldset": 3, 
            "order": 0
        }
    }, 
    {
        "pk": 21, 
        "model": "data.fieldsetfield", 
        "fields": {
            "importance": 1, 
            "field": 22, 
            "fieldset": 3, 
            "order": 0
        }
    }, 
    {
        "pk": 22, 
        "model": "data.fieldsetfield", 
        "fields": {
            "importance": 1, 
            "field": 23, 
            "fieldset": 3, 
            "order": 0
        }
    }, 
    {
        "pk": 23, 
        "model": "data.fieldsetfield", 
        "fields": {
            "importance": 1, 
            "field": 24, 
            "fieldset": 3, 
            "order": 0
        }
    }, 
    {
        "pk": 24, 
        "model": "data.fieldsetfield", 
        "fields": {
            "importance": 1, 
            "field": 25, 
            "fieldset": 3, 
            "order": 0
        }
    }, 
    {
        "pk": 25, 
        "model": "data.fieldsetfield", 
        "fields": {
            "importance": 1, 
            "field": 26, 
            "fieldset": 3, 
            "order": 0
        }
    }, 
    {
        "pk": 26, 
        "model": "data.fieldsetfield", 
        "fields": {
            "importance": 1, 
            "field": 27, 
            "fieldset": 3, 
            "order": 0
        }
    }, 
    {
        "pk": 27, 
        "model": "data.fieldsetfield", 
        "fields": {
            "importance": 1, 
            "field": 28, 
            "fieldset": 3, 
            "order": 0
        }
    }, 
    {
        "pk": 28, 
        "model": "data.fieldsetfield", 
        "fields": {
            "importance": 1, 
            "field": 29, 
            "fieldset": 3, 
            "order": 0
        }
    }, 
    {
        "pk": 29, 
        "model": "data.fieldsetfield", 
        "fields": {
            "importance": 1, 
            "field": 30, 
            "fieldset": 3, 
            "order": 0
        }
    }, 
    {
        "pk": 30, 
        "model": "data.fieldsetfield", 
        "fields": {
            "importance": 1, 
            "field": 31, 
            "fieldset": 3, 
            "order": 0
        }
    }, 
    {
        "pk": 31, 
        "model": "data.fieldsetfield", 
        "fields": {
            "importance": 1, 
            "field": 32, 
            "fieldset": 3, 
            "order": 0
        }
    }, 
    {
        "pk": 32, 
        "model": "data.fieldsetfield", 
        "fields": {
            "importance": 1, 
            "field": 33, 
            "fieldset": 3, 
            "order": 0
        }
    }, 
    {
        "pk": 18, 
        "model": "data.fieldsetfield", 
        "fields": {
            "importance": 1, 
            "field": 19, 
            "fieldset": 3, 
            "order": 0
        }
    }, 
    {
        "pk": 17, 
        "model": "data.fieldsetfield", 
        "fields": {
            "importance": 1, 
            "field": 18, 
            "fieldset": 3, 
            "order": 0
        }
    }, 
    {
        "pk": 16, 
        "model": "data.fieldsetfield", 
        "fields": {
            "importance": 1, 
            "field": 17, 
            "fieldset": 3, 
            "order": 0
        }
    }, 
    {
        "pk": 1, 
        "model": "data.fieldsetfield", 
        "fields": {
            "importance": 1, 
            "field": 7, 
            "fieldset": 2, 
            "order": 1
        }
    }, 
    {
        "pk": 2, 
        "model": "data.fieldsetfield", 
        "fields": {
            "importance": 10, 
            "field": 14, 
            "fieldset": 2, 
            "order": 2
        }
    }, 
    {
        "pk": 3, 
        "model": "data.fieldsetfield", 
        "fields": {
            "importance": 10, 
            "field": 5, 
            "fieldset": 2, 
            "order": 3
        }
    }, 
    {
        "pk": 4, 
        "model": "data.fieldsetfield", 
        "fields": {
            "importance": 10, 
            "field": 3, 
            "fieldset": 2, 
            "order": 4
        }
    }, 
    {
        "pk": 5, 
        "model": "data.fieldsetfield", 
        "fields": {
            "importance": 8, 
            "field": 2, 
            "fieldset": 2, 
            "order": 5
        }
    }, 
    {
        "pk": 6, 
        "model": "data.fieldsetfield", 
        "fields": {
            "importance": 8, 
            "field": 4, 
            "fieldset": 2, 
            "order": 6
        }
    }, 
    {
        "pk": 7, 
        "model": "data.fieldsetfield", 
        "fields": {
            "importance": 6, 
            "field": 15, 
            "fieldset": 2, 
            "order": 7
        }
    }, 
    {
        "pk": 8, 
        "model": "data.fieldsetfield", 
        "fields": {
            "importance": 8, 
            "field": 13, 
            "fieldset": 2, 
            "order": 8
        }
    }, 
    {
        "pk": 9, 
        "model": "data.fieldsetfield", 
        "fields": {
            "importance": 1, 
            "field": 1, 
            "fieldset": 2, 
            "order": 9
        }
    }, 
    {
        "pk": 10, 
        "model": "data.fieldsetfield", 
        "fields": {
            "importance": 6, 
            "field": 6, 
            "fieldset": 2, 
            "order": 10
        }
    }, 
    {
        "pk": 11, 
        "model": "data.fieldsetfield", 
        "fields": {
            "importance": 1, 
            "field": 8, 
            "fieldset": 2, 
            "order": 11
        }
    }, 
    {
        "pk": 12, 
        "model": "data.fieldsetfield", 
        "fields": {
            "importance": 1, 
            "field": 9, 
            "fieldset": 2, 
            "order": 12
        }
    }, 
    {
        "pk": 13, 
        "model": "data.fieldsetfield", 
        "fields": {
            "importance": 1, 
            "field": 11, 
            "fieldset": 2, 
            "order": 13
        }
    }, 
    {
        "pk": 14, 
        "model": "data.fieldsetfield", 
        "fields": {
            "importance": 1, 
            "field": 10, 
            "fieldset": 2, 
            "order": 14
        }
    }, 
    {
        "pk": 15, 
        "model": "data.fieldsetfield", 
        "fields": {
            "importance": 1, 
            "field": 12, 
            "fieldset": 2, 
            "order": 15
        }
    }
]
